<?xml version="1.0" encoding="UTF-8"?><idempiere Name="2Pack_1.0.1" Version="1.0" idempiereVersion="" DataBaseVersion="" Description="" Author="" AuthorEmail="arodriguez@itechsolutions.dev" CreatedDate="2021-09-06 17:14:38.145" UpdatedDate="2021-09-06 17:14:38.145" PackOutVersion="100" UpdateDictionary="false" Client="0-SYSTEM-System" AD_Client_UU="11237b53-9592-4af1-b3c5-afd216514b5d">
    <AD_Menu type="table">
        <Parent_ID reference="uuid" reference-key="AD_Menu">71608012-722f-40fb-9ac8-e8d878486bd1</Parent_ID>
        <SeqNo>1</SeqNo>
        <AD_Client_ID>0</AD_Client_ID>
        <AD_Org_ID>0</AD_Org_ID>
        <Name>Rebuild Client Setup</Name>
        <Description>Rebuild Client Setup for a New Account Schema - Duplicate Acct Tabs</Description>
        <Action>P</Action>
        <AD_Window_ID reference="id"/>
        <AD_Workflow_ID reference="id"/>
        <AD_Task_ID reference="id"/>
        <IsActive>Y</IsActive>
        <IsSummary>N</IsSummary>
        <AD_Process_ID reference="uuid" reference-key="AD_Process">c1269466-e2bb-4335-9064-8f3a027c59a9</AD_Process_ID>
        <IsSOTrx>N</IsSOTrx>
        <AD_Form_ID reference="id"/>
        <IsReadOnly>N</IsReadOnly>
        <EntityType>AMERP</EntityType>
        <IsCentrallyMaintained>Y</IsCentrallyMaintained>
        <AD_Menu_UU>2891ee85-42fb-45b8-85a0-9d02c9a5daca</AD_Menu_UU>
        <AD_InfoWindow_ID reference="id"/>
        <AD_Menu_Trl type="translation">
            <Description>Reconstruir la Configuración del Grupo Empresarial para un nuevo Esquema Contable - Duplica las Pestañas Contables</Description>
            <Name>Reconstruir la Configuración del Grupo Empresarial</Name>
            <AD_Language>es_CO</AD_Language>
            <IsActive>Y</IsActive>
            <IsTranslated>N</IsTranslated>
        </AD_Menu_Trl>
        <AD_Process type="table">
            <AD_Client_ID>0</AD_Client_ID>
            <AD_Org_ID>0</AD_Org_ID>
            <IsActive>Y</IsActive>
            <Name>Rebuild Client Setup</Name>
            <Description>Rebuild Client Setup for a New Account Schema - Duplicate Acct Tabs</Description>
            <Help/>
            <ProcedureName/>
            <IsReport>N</IsReport>
            <Value>RebuildClientSetup</Value>
            <IsDirectPrint>N</IsDirectPrint>
            <AD_ReportView_ID reference="id"/>
            <Classname>org.amerp.process.AMFRebuildANewClientSchema</Classname>
            <AccessLevel>6</AccessLevel>
            <EntityType>AMERP</EntityType>
            <Statistic_Count>82</Statistic_Count>
            <Statistic_Seconds>72868</Statistic_Seconds>
            <AD_PrintFormat_ID reference="id"/>
            <WorkflowValue/>
            <AD_Workflow_ID reference="id"/>
            <IsBetaFunctionality>N</IsBetaFunctionality>
            <IsServerProcess>N</IsServerProcess>
            <ShowHelp>Y</ShowHelp>
            <JasperReport/>
            <AD_Form_ID reference="id"/>
            <CopyFromProcess>N</CopyFromProcess>
            <AD_Process_UU>c1269466-e2bb-4335-9064-8f3a027c59a9</AD_Process_UU>
            <AD_CtxHelp_ID reference="id"/>
            <ExecutionType/>
            <AllowMultipleExecution>P</AllowMultipleExecution>
            <AD_Process_Trl type="translation">
                <Description>Reconstruir la Configuración del Grupo Empresarial para un nuevo Esquema Contable - Duplica las Pestañas Contables</Description>
                <Help/>
                <Name>Reconstruir la Configuración del Grupo Empresarial</Name>
                <AD_Language>es_CO</AD_Language>
                <IsActive>Y</IsActive>
                <IsTranslated>N</IsTranslated>
            </AD_Process_Trl>
            <AD_Element type="table">
                <AD_Client_ID>0</AD_Client_ID>
                <AD_Org_ID>0</AD_Org_ID>
                <IsActive>Y</IsActive>
                <ColumnName>BankAccounting</ColumnName>
                <Name>Bank Accounting</Name>
                <Description>Bank Accounting Assets and Projects</Description>
                <Help/>
                <PrintName>Bank Accounting</PrintName>
                <PO_Description/>
                <PO_Help/>
                <PO_Name/>
                <PO_PrintName/>
                <EntityType>ITS</EntityType>
                <AD_Element_UU>e4101e1c-4307-460f-b21a-b6de347a5c43</AD_Element_UU>
                <Placeholder/>
                <AD_Element_Trl type="translation">
                    <Description>Cuentas Bancarias Activos y Proyectos</Description>
                    <Help/>
                    <Name>Cuenta Bancaria</Name>
                    <Placeholder/>
                    <PO_Description/>
                    <PO_Help/>
                    <PO_Name/>
                    <PO_PrintName/>
                    <PrintName>Cuenta Bancaria</PrintName>
                    <AD_Language>es_CO</AD_Language>
                    <IsActive>Y</IsActive>
                    <IsTranslated>N</IsTranslated>
                </AD_Element_Trl>
            </AD_Element>
            <AD_Process_Para type="table">
                <AD_Client_ID>0</AD_Client_ID>
                <AD_Org_ID>0</AD_Org_ID>
                <IsActive>Y</IsActive>
                <Name>Bank Accounting</Name>
                <Description>Bank Accounting Assets and Projects</Description>
                <Help/>
                <AD_Process_ID reference="uuid" reference-key="AD_Process">c1269466-e2bb-4335-9064-8f3a027c59a9</AD_Process_ID>
                <SeqNo>80</SeqNo>
                <AD_Reference_ID reference="id">20</AD_Reference_ID>
                <AD_Reference_Value_ID reference="id"/>
                <IsRange>N</IsRange>
                <AD_Val_Rule_ID reference="id"/>
                <FieldLength>1</FieldLength>
                <IsMandatory>N</IsMandatory>
                <DefaultValue>N</DefaultValue>
                <VFormat/>
                <ValueMin/>
                <ValueMax/>
                <ColumnName>BankAccounting</ColumnName>
                <DefaultValue2/>
                <IsCentrallyMaintained>Y</IsCentrallyMaintained>
                <EntityType>AMERP</EntityType>
                <AD_Element_ID reference="uuid" reference-key="AD_Element">e4101e1c-4307-460f-b21a-b6de347a5c43</AD_Element_ID>
                <ReadOnlyLogic/>
                <DisplayLogic/>
                <AD_Process_Para_UU>1fc71715-4560-4459-a82e-157b8c3fb055</AD_Process_Para_UU>
                <IsEncrypted>N</IsEncrypted>
                <MandatoryLogic/>
                <Placeholder/>
                <Placeholder2/>
                <AD_Process_Para_Trl type="translation">
                    <Description>Cuentas Bancarias Activos y Proyectos</Description>
                    <Help/>
                    <Name>Cuenta Bancaria</Name>
                    <Placeholder/>
                    <Placeholder2/>
                    <AD_Language>es_CO</AD_Language>
                    <IsActive>Y</IsActive>
                    <IsTranslated>N</IsTranslated>
                </AD_Process_Para_Trl>
            </AD_Process_Para>
            <AD_Element type="table">
                <AD_Client_ID>0</AD_Client_ID>
                <AD_Org_ID>0</AD_Org_ID>
                <IsActive>Y</IsActive>
                <ColumnName>BPartners</ColumnName>
                <Name>Business Partners</Name>
                <Description/>
                <Help/>
                <PrintName>Business Partners</PrintName>
                <PO_Description/>
                <PO_Help/>
                <PO_Name/>
                <PO_PrintName/>
                <EntityType>ITS</EntityType>
                <AD_Element_UU>d760cad0-b649-4298-ae41-e3132ac8dd69</AD_Element_UU>
                <Placeholder/>
                <AD_Element_Trl type="translation">
                    <Description/>
                    <Help/>
                    <Name>Terceros</Name>
                    <Placeholder/>
                    <PO_Description/>
                    <PO_Help/>
                    <PO_Name/>
                    <PO_PrintName/>
                    <PrintName>Terceros</PrintName>
                    <AD_Language>es_CO</AD_Language>
                    <IsActive>Y</IsActive>
                    <IsTranslated>N</IsTranslated>
                </AD_Element_Trl>
            </AD_Element>
            <AD_Process_Para type="table">
                <AD_Client_ID>0</AD_Client_ID>
                <AD_Org_ID>0</AD_Org_ID>
                <IsActive>Y</IsActive>
                <Name>Business Partners</Name>
                <Description/>
                <Help/>
                <AD_Process_ID reference="uuid" reference-key="AD_Process">c1269466-e2bb-4335-9064-8f3a027c59a9</AD_Process_ID>
                <SeqNo>70</SeqNo>
                <AD_Reference_ID reference="id">20</AD_Reference_ID>
                <AD_Reference_Value_ID reference="id"/>
                <IsRange>N</IsRange>
                <AD_Val_Rule_ID reference="id"/>
                <FieldLength>1</FieldLength>
                <IsMandatory>N</IsMandatory>
                <DefaultValue>N</DefaultValue>
                <VFormat/>
                <ValueMin/>
                <ValueMax/>
                <ColumnName>BPartners</ColumnName>
                <DefaultValue2/>
                <IsCentrallyMaintained>Y</IsCentrallyMaintained>
                <EntityType>ITS</EntityType>
                <AD_Element_ID reference="uuid" reference-key="AD_Element">d760cad0-b649-4298-ae41-e3132ac8dd69</AD_Element_ID>
                <ReadOnlyLogic/>
                <DisplayLogic/>
                <AD_Process_Para_UU>738a31e1-dab8-416b-9dbd-62c1b120432c</AD_Process_Para_UU>
                <IsEncrypted>N</IsEncrypted>
                <MandatoryLogic/>
                <Placeholder/>
                <Placeholder2/>
                <AD_Process_Para_Trl type="translation">
                    <Description/>
                    <Help/>
                    <Name>Terceros</Name>
                    <Placeholder/>
                    <Placeholder2/>
                    <AD_Language>es_CO</AD_Language>
                    <IsActive>Y</IsActive>
                    <IsTranslated>N</IsTranslated>
                </AD_Process_Para_Trl>
            </AD_Process_Para>
            <AD_Element type="table">
                <AD_Client_ID>0</AD_Client_ID>
                <AD_Org_ID>0</AD_Org_ID>
                <IsActive>Y</IsActive>
                <ColumnName>MaterialCost</ColumnName>
                <Name>Material Cost</Name>
                <Description/>
                <Help/>
                <PrintName>Material Cost</PrintName>
                <PO_Description/>
                <PO_Help/>
                <PO_Name/>
                <PO_PrintName/>
                <EntityType>ITS</EntityType>
                <AD_Element_UU>34d282aa-99a8-41e3-a95e-72bcb8378eed</AD_Element_UU>
                <Placeholder/>
                <AD_Element_Trl type="translation">
                    <Description/>
                    <Help/>
                    <Name>Costo de Material</Name>
                    <Placeholder/>
                    <PO_Description/>
                    <PO_Help/>
                    <PO_Name/>
                    <PO_PrintName/>
                    <PrintName>Costo de Material</PrintName>
                    <AD_Language>es_CO</AD_Language>
                    <IsActive>Y</IsActive>
                    <IsTranslated>N</IsTranslated>
                </AD_Element_Trl>
            </AD_Element>
            <AD_Process_Para type="table">
                <AD_Client_ID>0</AD_Client_ID>
                <AD_Org_ID>0</AD_Org_ID>
                <IsActive>Y</IsActive>
                <Name>Material Cost</Name>
                <Description/>
                <Help/>
                <AD_Process_ID reference="uuid" reference-key="AD_Process">c1269466-e2bb-4335-9064-8f3a027c59a9</AD_Process_ID>
                <SeqNo>65</SeqNo>
                <AD_Reference_ID reference="id">20</AD_Reference_ID>
                <AD_Reference_Value_ID reference="id"/>
                <IsRange>N</IsRange>
                <AD_Val_Rule_ID reference="id"/>
                <FieldLength>1</FieldLength>
                <IsMandatory>N</IsMandatory>
                <DefaultValue>N</DefaultValue>
                <VFormat/>
                <ValueMin/>
                <ValueMax/>
                <ColumnName>MaterialCost</ColumnName>
                <DefaultValue2/>
                <IsCentrallyMaintained>Y</IsCentrallyMaintained>
                <EntityType>AMERP</EntityType>
                <AD_Element_ID reference="uuid" reference-key="AD_Element">34d282aa-99a8-41e3-a95e-72bcb8378eed</AD_Element_ID>
                <ReadOnlyLogic/>
                <DisplayLogic/>
                <AD_Process_Para_UU>361a0e2f-1743-48ae-8b00-10bcf260155d</AD_Process_Para_UU>
                <IsEncrypted>N</IsEncrypted>
                <MandatoryLogic/>
                <Placeholder/>
                <Placeholder2/>
                <AD_Process_Para_Trl type="translation">
                    <Description/>
                    <Help/>
                    <Name>Costo de Material</Name>
                    <Placeholder/>
                    <Placeholder2/>
                    <AD_Language>es_CO</AD_Language>
                    <IsActive>Y</IsActive>
                    <IsTranslated>N</IsTranslated>
                </AD_Process_Para_Trl>
            </AD_Process_Para>
            <AD_Element type="table">
                <AD_Client_ID>0</AD_Client_ID>
                <AD_Org_ID>0</AD_Org_ID>
                <IsActive>Y</IsActive>
                <ColumnName>Material</ColumnName>
                <Name>Material</Name>
                <Description>Material Management Tables</Description>
                <Help/>
                <PrintName>Material</PrintName>
                <PO_Description/>
                <PO_Help/>
                <PO_Name/>
                <PO_PrintName/>
                <EntityType>ITS</EntityType>
                <AD_Element_UU>fee18b9b-46f9-4a6f-a7b2-0943fb74e968</AD_Element_UU>
                <Placeholder/>
                <AD_Element_Trl type="translation">
                    <Description>Tablas de Administración de Materiales</Description>
                    <Help/>
                    <Name>Material</Name>
                    <Placeholder/>
                    <PO_Description/>
                    <PO_Help/>
                    <PO_Name/>
                    <PO_PrintName/>
                    <PrintName>Material</PrintName>
                    <AD_Language>es_CO</AD_Language>
                    <IsActive>Y</IsActive>
                    <IsTranslated>N</IsTranslated>
                </AD_Element_Trl>
            </AD_Element>
            <AD_Process_Para type="table">
                <AD_Client_ID>0</AD_Client_ID>
                <AD_Org_ID>0</AD_Org_ID>
                <IsActive>Y</IsActive>
                <Name>Material</Name>
                <Description>Material Management Tables</Description>
                <Help/>
                <AD_Process_ID reference="uuid" reference-key="AD_Process">c1269466-e2bb-4335-9064-8f3a027c59a9</AD_Process_ID>
                <SeqNo>60</SeqNo>
                <AD_Reference_ID reference="id">20</AD_Reference_ID>
                <AD_Reference_Value_ID reference="id"/>
                <IsRange>N</IsRange>
                <AD_Val_Rule_ID reference="id"/>
                <FieldLength>1</FieldLength>
                <IsMandatory>N</IsMandatory>
                <DefaultValue>N</DefaultValue>
                <VFormat/>
                <ValueMin/>
                <ValueMax/>
                <ColumnName>Material</ColumnName>
                <DefaultValue2/>
                <IsCentrallyMaintained>Y</IsCentrallyMaintained>
                <EntityType>AMERP</EntityType>
                <AD_Element_ID reference="uuid" reference-key="AD_Element">fee18b9b-46f9-4a6f-a7b2-0943fb74e968</AD_Element_ID>
                <ReadOnlyLogic/>
                <DisplayLogic/>
                <AD_Process_Para_UU>588ba886-3217-49ca-93bc-765a935482d8</AD_Process_Para_UU>
                <IsEncrypted>N</IsEncrypted>
                <MandatoryLogic/>
                <Placeholder/>
                <Placeholder2/>
                <AD_Process_Para_Trl type="translation">
                    <Description>Tablas de Administración de Materiales</Description>
                    <Help/>
                    <Name>Material</Name>
                    <Placeholder/>
                    <Placeholder2/>
                    <AD_Language>es_CO</AD_Language>
                    <IsActive>Y</IsActive>
                    <IsTranslated>N</IsTranslated>
                </AD_Process_Para_Trl>
            </AD_Process_Para>
            <AD_Element type="table">
                <AD_Client_ID>0</AD_Client_ID>
                <AD_Org_ID>0</AD_Org_ID>
                <IsActive>Y</IsActive>
                <ColumnName>SetupSchema</ColumnName>
                <Name>Setup Schema</Name>
                <Description/>
                <Help/>
                <PrintName>Setup Schema</PrintName>
                <PO_Description/>
                <PO_Help/>
                <PO_Name/>
                <PO_PrintName/>
                <EntityType>ITS</EntityType>
                <AD_Element_UU>7c4c631d-7233-419a-94c4-ff6c3f553a7d</AD_Element_UU>
                <Placeholder/>
                <AD_Element_Trl type="translation">
                    <Description/>
                    <Help/>
                    <Name>Configuración de Esquema</Name>
                    <Placeholder/>
                    <PO_Description/>
                    <PO_Help/>
                    <PO_Name/>
                    <PO_PrintName/>
                    <PrintName>Configuración de Esquema</PrintName>
                    <AD_Language>es_CO</AD_Language>
                    <IsActive>Y</IsActive>
                    <IsTranslated>N</IsTranslated>
                </AD_Element_Trl>
            </AD_Element>
            <AD_Process_Para type="table">
                <AD_Client_ID>0</AD_Client_ID>
                <AD_Org_ID>0</AD_Org_ID>
                <IsActive>Y</IsActive>
                <Name>Setup Schema</Name>
                <Description/>
                <Help/>
                <AD_Process_ID reference="uuid" reference-key="AD_Process">c1269466-e2bb-4335-9064-8f3a027c59a9</AD_Process_ID>
                <SeqNo>50</SeqNo>
                <AD_Reference_ID reference="id">20</AD_Reference_ID>
                <AD_Reference_Value_ID reference="id"/>
                <IsRange>N</IsRange>
                <AD_Val_Rule_ID reference="id"/>
                <FieldLength>1</FieldLength>
                <IsMandatory>N</IsMandatory>
                <DefaultValue>N</DefaultValue>
                <VFormat/>
                <ValueMin/>
                <ValueMax/>
                <ColumnName>SetupSchema</ColumnName>
                <DefaultValue2/>
                <IsCentrallyMaintained>Y</IsCentrallyMaintained>
                <EntityType>AMERP</EntityType>
                <AD_Element_ID reference="uuid" reference-key="AD_Element">7c4c631d-7233-419a-94c4-ff6c3f553a7d</AD_Element_ID>
                <ReadOnlyLogic/>
                <DisplayLogic/>
                <AD_Process_Para_UU>f6a151fc-597e-41b3-86f6-5f8df4de78cb</AD_Process_Para_UU>
                <IsEncrypted>N</IsEncrypted>
                <MandatoryLogic/>
                <Placeholder/>
                <Placeholder2/>
                <AD_Process_Para_Trl type="translation">
                    <Description/>
                    <Help/>
                    <Name>Configuración de Esquema</Name>
                    <Placeholder/>
                    <Placeholder2/>
                    <AD_Language>es_CO</AD_Language>
                    <IsActive>Y</IsActive>
                    <IsTranslated>N</IsTranslated>
                </AD_Process_Para_Trl>
            </AD_Process_Para>
            <AD_Element type="table">
                <AD_Client_ID>0</AD_Client_ID>
                <AD_Org_ID>0</AD_Org_ID>
                <IsActive>Y</IsActive>
                <ColumnName>ValidCombinations</ColumnName>
                <Name>Valid Combinations</Name>
                <Description/>
                <Help/>
                <PrintName>Valid Combinations</PrintName>
                <PO_Description/>
                <PO_Help/>
                <PO_Name/>
                <PO_PrintName/>
                <EntityType>ITS</EntityType>
                <AD_Element_UU>7d2486dd-6fc8-4f70-8c66-9b5f57ea3f54</AD_Element_UU>
                <Placeholder/>
                <AD_Element_Trl type="translation">
                    <Description/>
                    <Help/>
                    <Name>Combinaciones Contables</Name>
                    <Placeholder/>
                    <PO_Description/>
                    <PO_Help/>
                    <PO_Name/>
                    <PO_PrintName/>
                    <PrintName>Combinaciones Contables</PrintName>
                    <AD_Language>es_CO</AD_Language>
                    <IsActive>Y</IsActive>
                    <IsTranslated>N</IsTranslated>
                </AD_Element_Trl>
            </AD_Element>
            <AD_Process_Para type="table">
                <AD_Client_ID>0</AD_Client_ID>
                <AD_Org_ID>0</AD_Org_ID>
                <IsActive>Y</IsActive>
                <Name>Valid Combinations</Name>
                <Description/>
                <Help/>
                <AD_Process_ID reference="uuid" reference-key="AD_Process">c1269466-e2bb-4335-9064-8f3a027c59a9</AD_Process_ID>
                <SeqNo>40</SeqNo>
                <AD_Reference_ID reference="id">20</AD_Reference_ID>
                <AD_Reference_Value_ID reference="id"/>
                <IsRange>N</IsRange>
                <AD_Val_Rule_ID reference="id"/>
                <FieldLength>1</FieldLength>
                <IsMandatory>N</IsMandatory>
                <DefaultValue>N</DefaultValue>
                <VFormat/>
                <ValueMin/>
                <ValueMax/>
                <ColumnName>ValidCombinations</ColumnName>
                <DefaultValue2/>
                <IsCentrallyMaintained>Y</IsCentrallyMaintained>
                <EntityType>ITS</EntityType>
                <AD_Element_ID reference="uuid" reference-key="AD_Element">7d2486dd-6fc8-4f70-8c66-9b5f57ea3f54</AD_Element_ID>
                <ReadOnlyLogic/>
                <DisplayLogic/>
                <AD_Process_Para_UU>669018c3-8b8d-4362-9eef-1dbd7eeaad26</AD_Process_Para_UU>
                <IsEncrypted>N</IsEncrypted>
                <MandatoryLogic/>
                <Placeholder/>
                <Placeholder2/>
                <AD_Process_Para_Trl type="translation">
                    <Description/>
                    <Help/>
                    <Name>Combinaciones Contables</Name>
                    <Placeholder/>
                    <Placeholder2/>
                    <AD_Language>es_CO</AD_Language>
                    <IsActive>Y</IsActive>
                    <IsTranslated>N</IsTranslated>
                </AD_Process_Para_Trl>
            </AD_Process_Para>
            <AD_Process_Para type="table">
                <AD_Client_ID>0</AD_Client_ID>
                <AD_Org_ID>0</AD_Org_ID>
                <IsActive>Y</IsActive>
                <Name>Client</Name>
                <Description>Client/Tenant for this installation.</Description>
                <Help>A Client is a company or a legal entity. You cannot share data between Clients. Tenant is a synonym for Client.</Help>
                <AD_Process_ID reference="uuid" reference-key="AD_Process">c1269466-e2bb-4335-9064-8f3a027c59a9</AD_Process_ID>
                <SeqNo>10</SeqNo>
                <AD_Reference_ID reference="id">18</AD_Reference_ID>
                <AD_Reference_Value_ID reference="id">129</AD_Reference_Value_ID>
                <IsRange>N</IsRange>
                <AD_Val_Rule_ID reference="id">116</AD_Val_Rule_ID>
                <FieldLength>0</FieldLength>
                <IsMandatory>N</IsMandatory>
                <DefaultValue>@AD_Client_ID@</DefaultValue>
                <VFormat/>
                <ValueMin/>
                <ValueMax/>
                <ColumnName>AD_Client_ID</ColumnName>
                <DefaultValue2/>
                <IsCentrallyMaintained>Y</IsCentrallyMaintained>
                <EntityType>AMERP</EntityType>
                <AD_Element_ID reference="id">102</AD_Element_ID>
                <ReadOnlyLogic>1=1</ReadOnlyLogic>
                <DisplayLogic/>
                <AD_Process_Para_UU>c0a5f901-afc6-4593-ad07-b189af0c27ed</AD_Process_Para_UU>
                <IsEncrypted>N</IsEncrypted>
                <MandatoryLogic/>
                <Placeholder/>
                <Placeholder2/>
                <AD_Process_Para_Trl type="translation">
                    <Description>Grupo Empresarial para esta instalación</Description>
                    <Help>Grupo Empresarial. No se pueden compartir datos entre diferentes grupos empresariales.</Help>
                    <Name>Grupo Empresarial</Name>
                    <Placeholder/>
                    <Placeholder2/>
                    <AD_Language>es_CO</AD_Language>
                    <IsActive>Y</IsActive>
                    <IsTranslated>Y</IsTranslated>
                </AD_Process_Para_Trl>
            </AD_Process_Para>
            <AD_Element type="table">
                <AD_Client_ID>0</AD_Client_ID>
                <AD_Org_ID>0</AD_Org_ID>
                <IsActive>Y</IsActive>
                <ColumnName>SourceAcctSchema_ID</ColumnName>
                <Name>Source Accounting Schema</Name>
                <Description/>
                <Help/>
                <PrintName>Source Accounting Schema</PrintName>
                <PO_Description/>
                <PO_Help/>
                <PO_Name/>
                <PO_PrintName/>
                <EntityType>ITS</EntityType>
                <AD_Element_UU>f30ebb54-66ed-4912-b2b2-0df7eb35255d</AD_Element_UU>
                <Placeholder/>
                <AD_Element_Trl type="translation">
                    <Description/>
                    <Help/>
                    <Name>Esquema Contable Fuente</Name>
                    <Placeholder/>
                    <PO_Description/>
                    <PO_Help/>
                    <PO_Name/>
                    <PO_PrintName/>
                    <PrintName>Esquema Contable Fuente</PrintName>
                    <AD_Language>es_CO</AD_Language>
                    <IsActive>Y</IsActive>
                    <IsTranslated>N</IsTranslated>
                </AD_Element_Trl>
            </AD_Element>
            <AD_Process_Para type="table">
                <AD_Client_ID>0</AD_Client_ID>
                <AD_Org_ID>0</AD_Org_ID>
                <IsActive>Y</IsActive>
                <Name>Source Accounting Schema</Name>
                <Description/>
                <Help/>
                <AD_Process_ID reference="uuid" reference-key="AD_Process">c1269466-e2bb-4335-9064-8f3a027c59a9</AD_Process_ID>
                <SeqNo>20</SeqNo>
                <AD_Reference_ID reference="id">18</AD_Reference_ID>
                <AD_Reference_Value_ID reference="id">136</AD_Reference_Value_ID>
                <IsRange>N</IsRange>
                <AD_Val_Rule_ID reference="id">106</AD_Val_Rule_ID>
                <FieldLength>10</FieldLength>
                <IsMandatory>N</IsMandatory>
                <DefaultValue>@SQL=SELECT C_AcctSchema1_ID FROM AD_ClientInfo WHERE AD_Client_ID=@AD_Client_ID@</DefaultValue>
                <VFormat/>
                <ValueMin/>
                <ValueMax/>
                <ColumnName>SourceAcctSchema_ID</ColumnName>
                <DefaultValue2/>
                <IsCentrallyMaintained>Y</IsCentrallyMaintained>
                <EntityType>AMERP</EntityType>
                <AD_Element_ID reference="uuid" reference-key="AD_Element">f30ebb54-66ed-4912-b2b2-0df7eb35255d</AD_Element_ID>
                <ReadOnlyLogic/>
                <DisplayLogic/>
                <AD_Process_Para_UU>90df4f81-8309-4fd8-bcbc-efcaf15a9ab7</AD_Process_Para_UU>
                <IsEncrypted>N</IsEncrypted>
                <MandatoryLogic/>
                <Placeholder/>
                <Placeholder2/>
                <AD_Process_Para_Trl type="translation">
                    <Description/>
                    <Help/>
                    <Name>Esquema Contable Fuente</Name>
                    <Placeholder/>
                    <Placeholder2/>
                    <AD_Language>es_CO</AD_Language>
                    <IsActive>Y</IsActive>
                    <IsTranslated>N</IsTranslated>
                </AD_Process_Para_Trl>
            </AD_Process_Para>
            <AD_Element type="table">
                <AD_Client_ID>0</AD_Client_ID>
                <AD_Org_ID>0</AD_Org_ID>
                <IsActive>Y</IsActive>
                <ColumnName>TargetAcctSchema_ID</ColumnName>
                <Name>Target Accounting Schema</Name>
                <Description/>
                <Help/>
                <PrintName>Target Accounting Schema</PrintName>
                <PO_Description/>
                <PO_Help/>
                <PO_Name/>
                <PO_PrintName/>
                <EntityType>ITS</EntityType>
                <AD_Element_UU>bfac637a-ac73-4724-9cf9-d135d9ae552b</AD_Element_UU>
                <Placeholder/>
                <AD_Element_Trl type="translation">
                    <Description/>
                    <Help/>
                    <Name>Esquema Contable Destino</Name>
                    <Placeholder/>
                    <PO_Description/>
                    <PO_Help/>
                    <PO_Name/>
                    <PO_PrintName/>
                    <PrintName>Esquema Contable Destino</PrintName>
                    <AD_Language>es_CO</AD_Language>
                    <IsActive>Y</IsActive>
                    <IsTranslated>N</IsTranslated>
                </AD_Element_Trl>
            </AD_Element>
            <AD_Process_Para type="table">
                <AD_Client_ID>0</AD_Client_ID>
                <AD_Org_ID>0</AD_Org_ID>
                <IsActive>Y</IsActive>
                <Name>Target Accounting Schema</Name>
                <Description/>
                <Help/>
                <AD_Process_ID reference="uuid" reference-key="AD_Process">c1269466-e2bb-4335-9064-8f3a027c59a9</AD_Process_ID>
                <SeqNo>30</SeqNo>
                <AD_Reference_ID reference="id">18</AD_Reference_ID>
                <AD_Reference_Value_ID reference="id">136</AD_Reference_Value_ID>
                <IsRange>N</IsRange>
                <AD_Val_Rule_ID reference="id">106</AD_Val_Rule_ID>
                <FieldLength>10</FieldLength>
                <IsMandatory>N</IsMandatory>
                <DefaultValue>@SQL=SELECT C_AcctSchema_ID FROM C_AcctSchema WHERE AD_Client_ID=@AD_Client_ID@ AND C_AcctSchema_ID NOT IN ( SELECT C_AcctSchema1_ID FROM AD_ClientInfo WHERE AD_Client_ID=@AD_Client_ID@)</DefaultValue>
                <VFormat/>
                <ValueMin/>
                <ValueMax/>
                <ColumnName>TargetAcctSchema_ID</ColumnName>
                <DefaultValue2/>
                <IsCentrallyMaintained>Y</IsCentrallyMaintained>
                <EntityType>AMERP</EntityType>
                <AD_Element_ID reference="uuid" reference-key="AD_Element">bfac637a-ac73-4724-9cf9-d135d9ae552b</AD_Element_ID>
                <ReadOnlyLogic/>
                <DisplayLogic/>
                <AD_Process_Para_UU>ab3cbef5-0846-4241-92a5-2fd80bdd70d3</AD_Process_Para_UU>
                <IsEncrypted>N</IsEncrypted>
                <MandatoryLogic/>
                <Placeholder/>
                <Placeholder2/>
                <AD_Process_Para_Trl type="translation">
                    <Description/>
                    <Help/>
                    <Name>Esquema Contable Destino</Name>
                    <Placeholder/>
                    <Placeholder2/>
                    <AD_Language>es_CO</AD_Language>
                    <IsActive>Y</IsActive>
                    <IsTranslated>N</IsTranslated>
                </AD_Process_Para_Trl>
            </AD_Process_Para>
        </AD_Process>
    </AD_Menu>
</idempiere>
